company,period,orig_income,orig_expense,corr_expense,income_corrected_v2,internal_transfer_in_income,net_corrected_v2
solucoes_eletronica,2026-03,23750.0,0.0,0.0,23750.0,0.0,23750.0
solucoes_eletronica,2026-04,7487.0,12354.0,12354.0,7487.0,0.0,-4867.0
solucoes_eletronica,2026-05,36137.5,6421.0,6421.0,36137.5,0.0,29716.5
solucoes_eletronica,2026-06,5000.0,11400.0,11400.0,5000.0,0.0,-6400.0
solucoes_eletronica,2026-07,2185.0,0.0,0.0,2185.0,0.0,2185.0
solucoes_eletronica,2026-08,2465.0,4000.0,4000.0,2465.0,0.0,-1535.0
universo_automacao,2022-06,2500.0,0.0,0.0,2500.0,0.0,2500.0
universo_automacao,2023-08,2500.0,0.0,0.0,2500.0,0.0,2500.0
universo_automacao,2023-09,19900.0,0.0,0.0,22356.83,0.0,22356.83
universo_automacao,2023-10,12500.0,0.0,0.0,12500.0,0.0,12500.0
universo_automacao,2023-11,218153.9,0.0,0.0,218153.9,0.0,218153.9
universo_automacao,2023-12,90878.05,0.0,0.0,90878.05,0.0,90878.05
universo_automacao,2024-01,64350.0,0.0,0.0,64350.0,0.0,64350.0
universo_automacao,2024-02,155992.0,0.0,0.0,155992.0,0.0,155992.0
universo_automacao,2024-03,51000.0,0.0,0.0,51000.0,0.0,51000.0
universo_automacao,2024-04,264000.0,0.0,0.0,264000.0,0.0,264000.0
universo_automacao,2024-05,36515.0,0.0,0.0,36515.0,0.0,36515.0
universo_automacao,2024-06,159387.52,0.0,0.0,159387.52,0.0,159387.52
universo_automacao,2024-07,70815.0,0.0,0.0,70815.0,0.0,70815.0
universo_automacao,2024-08,104050.0,0.0,0.0,147050.0,0.0,147050.0
universo_automacao,2024-09,221570.0,0.0,0.0,221570.0,0.0,221570.0
universo_automacao,2024-10,187650.0,0.0,0.0,187650.0,0.0,187650.0
universo_automacao,2024-11,252622.4,0.0,0.0,263622.4,0.0,263622.4
universo_automacao,2024-12,122923.0,0.0,0.0,122923.0,0.0,122923.0
universo_automacao,2025-01,242249.25,0.0,0.0,242249.25,0.0,242249.25
universo_automacao,2025-02,138939.0,180641.87,180641.87,152607.0,0.0,-28034.869999999995
universo_automacao,2025-03,28600.0,163790.48,163790.48,28600.0,0.0,-135190.48
universo_automacao,2025-04,86389.6,313282.23,321101.23,90889.6,0.0,-230211.62999999998
universo_automacao,2025-05,358465.65,175280.8,175280.8,358465.65,10000.0,183184.85000000003
universo_automacao,2025-06,62152.0,281750.69,281750.69,62152.0,0.0,-219598.69
universo_automacao,2025-07,172189.17,187695.65,188305.65,209761.16999999998,0.0,21455.51999999999
universo_automacao,2025-08,181617.95,79214.95,79214.95,182417.95,0.0,103203.00000000001
universo_automacao,2025-09,135774.0,278906.1,336676.11,135774.0,0.0,-200902.11
universo_automacao,2025-10,368804.35,250604.65,251604.65,374831.85,0.0,123227.19999999998
universo_automacao,2025-11,93100.0,135745.04,135745.04,111600.0,0.0,-24145.040000000008
universo_automacao,2025-12,278514.5,148941.62,148941.62,278514.5,0.0,129572.88
universo_automacao,2026-01,117849.42,114712.81,114802.81,117849.42,0.0,3046.6100000000006
universo_automacao,2026-02,132058.45,231391.71,231391.71,132058.45,0.0,-99333.25999999998
universo_automacao,2026-03,111171.74,54083.84,54083.84,111171.74,0.0,57087.90000000001
universo_automacao,2026-04,304845.57,40399.78,40399.78,304845.57,0.0,264445.79000000004
universo_automacao,2026-05,235466.5,81343.64,81343.64,235466.5,0.0,154122.86
universo_automacao,2026-06,21695.0,343350.14,343350.14,21695.0,0.0,-321655.14
universo_automacao,2026-07,156204.96,165837.51,165837.51,156204.96,0.0,-9632.550000000017
universo_automacao,2026-08,221516.14,11342.65,11342.65,221516.14,0.0,210173.49000000002
universo_eletronica,2004-04,3000.0,0.0,0.0,3000.0,0.0,3000.0
universo_eletronica,2015-01,0.0,150000.0,150000.0,0.0,0.0,-150000.0
universo_eletronica,2015-04,0.0,26600.0,26600.0,0.0,0.0,-26600.0
universo_eletronica,2017-03,0.0,3390.0,3390.0,0.0,0.0,-3390.0
universo_eletronica,2022-01,0.0,2700.0,2700.0,0.0,0.0,-2700.0
universo_eletronica,2023-01,0.0,135321.9,135321.9,0.0,0.0,-135321.9
universo_eletronica,2023-02,0.0,105981.49,105981.49,0.0,0.0,-105981.49
universo_eletronica,2023-03,0.0,109390.86,109390.86,0.0,0.0,-109390.86
universo_eletronica,2023-04,0.0,97142.33,97142.33,0.0,0.0,-97142.33
universo_eletronica,2023-05,0.0,158778.27,158778.27,0.0,0.0,-158778.27
universo_eletronica,2023-06,0.0,111381.4,111381.4,0.0,0.0,-111381.4
universo_eletronica,2023-07,0.0,136312.67,136312.67,0.0,0.0,-136312.67
universo_eletronica,2023-08,0.0,122626.29,122626.29,0.0,0.0,-122626.29
universo_eletronica,2023-09,0.0,135205.96,135205.96,0.0,0.0,-135205.96
universo_eletronica,2023-10,0.0,125813.44,125813.44,0.0,0.0,-125813.44
universo_eletronica,2023-11,5800.0,158982.59,158982.59,5800.0,0.0,-153182.59
universo_eletronica,2023-12,0.0,163539.93,168639.93,0.0,0.0,-168639.93
universo_eletronica,2024-01,163608.16,126462.99,126812.99,164795.66,0.0,37982.67
universo_eletronica,2024-02,37404.66,215109.01,215109.01,38304.66,0.0,-176804.35
universo_eletronica,2024-03,63700.0,148534.73,148534.73,63700.0,0.0,-84834.73000000001
universo_eletronica,2024-04,77022.45,195997.27,195997.27,82522.45,0.0,-113474.81999999999
universo_eletronica,2024-05,89025.03,230516.3,233396.3,89725.03,0.0,-143671.27
universo_eletronica,2024-06,210900.0,256411.04,256411.04,213900.0,0.0,-42511.04000000001
universo_eletronica,2024-07,98050.0,316095.98,316095.98,99550.0,0.0,-216545.97999999998
universo_eletronica,2024-08,104085.02,255410.33,255410.33,104085.02,0.0,-151325.31
universo_eletronica,2024-09,126542.0,255192.3,259692.3,123692.0,0.0,-136000.3
universo_eletronica,2024-10,167976.44,222225.01,222525.01,167976.44,0.0,-54548.57000000001
universo_eletronica,2024-11,164735.04,224935.59,224935.59,164735.04,0.0,-60200.54999999999
universo_eletronica,2024-12,202044.48,134274.22,134274.22,202044.47999999998,0.0,67770.25999999998
universo_eletronica,2025-01,134341.0,196634.66,196634.66,136451.0,0.0,-60183.66
universo_eletronica,2025-02,261938.99,38553.94,38553.94,265282.99,100000.0,226729.05
universo_eletronica,2025-03,102005.0,14687.44,14687.44,103505.0,0.0,88817.56
universo_eletronica,2025-04,176078.12,36476.97,36476.97,182728.12,40000.0,146251.15
universo_eletronica,2025-05,85267.6,39970.19,39970.19,85267.6,0.0,45297.41
universo_eletronica,2025-06,177382.5,45643.64,45643.64,177382.5,50000.0,131738.86
universo_eletronica,2025-07,147823.19,48746.57,48746.57,147823.19,0.0,99076.62
universo_eletronica,2025-08,159819.62,262029.58,262029.58,194819.62,0.0,-67209.95999999999
universo_eletronica,2025-09,228759.52,132528.25,132528.25,258759.66,50000.0,126231.41
universo_eletronica,2025-10,175657.77,252437.3,253223.85,179657.77,0.0,-73566.08000000002
universo_eletronica,2025-11,184025.07,179360.44,179360.44,187505.07,0.0,8144.630000000005
universo_eletronica,2025-12,330919.57,287667.59,293392.28,330919.57,0.0,37527.28999999998
universo_eletronica,2026-01,145871.38,139344.76,139344.76,145871.38,0.0,6526.619999999995
universo_eletronica,2026-02,234099.35,101635.6,101635.6,231099.35,0.0,129463.75
universo_eletronica,2026-03,197727.07,193388.52,193388.52,197727.07,0.0,4338.5500000000175
universo_eletronica,2026-04,158125.58,127311.5,127311.5,158125.58000000002,0.0,30814.080000000016
universo_eletronica,2026-05,179967.71,131451.66,131451.66,179967.71,0.0,48516.04999999999
universo_eletronica,2026-06,207065.03,64903.02,64903.02,207065.03,0.0,142162.01
universo_eletronica,2026-07,198254.64,68228.93,68228.93,198254.64,0.0,130025.71000000002
universo_eletronica,2026-08,283563.55,16859.46,16859.46,282463.55,0.0,265604.08999999997
universo_eletronica,2026-09,0.0,10065.21,10065.21,0.0,0.0,-10065.21
universo_eletronica,2026-10,0.0,10065.21,10065.21,0.0,0.0,-10065.21
universo_eletronica,2026-11,0.0,10065.21,10065.21,0.0,0.0,-10065.21
universo_eletronica,2026-12,0.0,10065.21,10065.21,0.0,0.0,-10065.21
